square_feet,bedrooms,bathrooms,year_built,lot_size,neighborhood,property_type,price
2248.3570765056165,4,3,2003,10708.038284743046,Downtown,Multi-Family,1072721.5685877665
1930.8678494144076,1,3,1982,9377.781864983259,Urban,Multi-Family,849055.4833923314
2323.844269050346,3,1,1999,7716.396750007825,Downtown,Multi-Family,888613.9694206853
2761.514928204013,5,3,1987,5632.229647895001,Downtown,Multi-Family,1222445.627720534
1882.923312638332,3,3,1976,6570.905983058259,Coastal,Condo,935967.8647566296
1882.9315215254096,3,2,1964,7476.589864643546,Suburb,Single Family,813948.8605136415
2789.6064077536957,1,1,2010,9658.259654672227,Suburb,Condo,739438.2549605407
2383.717364576454,1,1,1970,7945.336131787813,Rural,Townhouse,636936.7046320365
1765.262807032524,1,1,1995,6687.608090223113,Coastal,Condo,672042.9493516546
2271.2800217929826,2,3,2018,6534.214228545548,Coastal,Multi-Family,1068556.1590288205
1768.291153593769,4,1,1955,7860.843582157548,Suburb,Condo,632739.7459432837
1767.1351232148716,2,3,1987,9779.9751244342,Coastal,Single Family,938869.1124497192
2120.981135783017,4,3,2011,11182.038611550233,Suburb,Townhouse,886926.6044192538
1043.359877671101,4,2,2011,7588.462803940664,Coastal,Condo,743935.7448300945
1137.5410837434836,3,2,2023,7910.513638474804,Downtown,Single Family,757257.5995787245
1718.8562353795137,3,2,1995,5572.116587685234,Suburb,Condo,778420.7875944471
1493.5844398327881,4,2,1962,11878.385138198933,Suburb,Townhouse,801031.8168624026
2157.123666297637,4,2,1952,5197.994323687832,Urban,Condo,916384.2416426161
1545.9879622393946,2,3,1955,10343.3246235611,Coastal,Multi-Family,896463.9674615614
1293.8481493323543,2,3,1957,7269.328093975058,Coastal,Condo,745357.881840098
2732.824384460777,3,1,1993,6801.267012319362,Suburb,Single Family,1044509.1200799386
1887.1118497567322,1,3,1982,5779.992856228147,Downtown,Condo,825880.3498257477
2033.764102343962,4,3,1999,12820.097298814268,Downtown,Single Family,992104.1143895941
1287.6259068932716,2,2,1960,8442.983246556789,Downtown,Townhouse,589006.9015347888
1727.8086377374086,3,3,1977,8042.560874208127,Coastal,Condo,890221.0594653436
2055.461294854933,2,2,2019,9773.464719109084,Urban,Townhouse,876453.0078819653
1424.5032112888484,4,1,1990,6698.334548740074,Suburb,Townhouse,674829.2727029084
2187.849009172836,4,1,1965,8003.691910462011,Rural,Condo,592887.270268813
1699.6806550405975,5,3,2017,8112.6725736242415,Urban,Single Family,978334.8227167454
1854.1531251033616,1,1,1997,6975.708535303734,Rural,Townhouse,510289.0901847634
1699.1466938853016,5,3,2005,10399.276158371827,Urban,Townhouse,851542.3505956455
2926.139092254469,3,1,2013,7562.6911770081915,Downtown,Condo,955549.5819384442
1993.2513876310331,2,2,2008,4893.735893262341,Coastal,Condo,778250.556612952
1471.1445355220499,3,2,2011,7397.005272958252,Rural,Condo,495536.61292978545
2411.2724560515944,4,2,1960,8498.357343427795,Urban,Condo,1030971.6569357279
1389.5781750144888,5,2,1967,6213.013532224783,Coastal,Condo,807800.5926247754
2104.431797502378,5,3,1968,6370.810413659122,Rural,Multi-Family,921176.1747959572
1020.1649380601123,5,1,2004,6907.481923747919,Suburb,Condo,584941.2529274281
1335.9069755507849,3,3,1975,10442.471320133922,Urban,Single Family,822005.6892570417
2098.4306179345617,4,2,1955,7025.683954708587,Suburb,Townhouse,968630.0737132491
2369.2332899977055,2,3,1953,10858.234037102062,Downtown,Single Family,943628.4846732549
2085.6841405949854,2,1,1978,6770.099123703329,Suburb,Single Family,713447.148015084
1942.1758588058797,3,3,2008,8650.028272513084,Suburb,Multi-Family,943528.4070750612
1849.4481522053557,5,1,1966,7107.514651560497,Urban,Condo,763587.6163408983
1260.7390048162863,1,3,1992,9508.166340580945,Downtown,Townhouse,687744.3124372317
1640.0778958026458,3,1,2015,5763.451690869441,Suburb,Single Family,718057.8279523543
1769.6806145201062,3,1,1983,9485.718959154463,Coastal,Condo,741879.468364469
2528.561113109458,4,2,1957,8227.738800619367,Rural,Condo,830618.7911884794
2171.8091447842307,2,1,1962,6720.016366445102,Suburb,Multi-Family,747594.2144431074
1118.479922318633,3,2,1957,7667.557030579699,Downtown,Multi-Family,732543.4355599083
2162.0419846973973,3,2,2014,11067.70988206435,Suburb,Multi-Family,931304.5320809634
1807.4588597918419,5,2,1992,8275.689009761567,Rural,Townhouse,811398.2554125201
1661.5389998470207,5,3,1988,6594.543968174723,Downtown,Single Family,1090958.2349083945
2305.8381444204338,1,3,2008,5590.613434343775,Urban,Multi-Family,786996.8744630951
2515.4997612479756,4,3,1993,9010.808546861994,Downtown,Multi-Family,1144084.428023633
2465.6400595580994,1,3,1958,8391.690494021372,Urban,Multi-Family,892664.6607696172
1580.3912383886807,5,1,1986,9390.041390176448,Downtown,Single Family,822359.9545960733
1845.3938120743928,2,1,2023,5075.550520620316,Rural,Single Family,620799.881552684
2165.631715701782,5,3,1985,5655.479094217,Rural,Multi-Family,1024793.3647185604
2487.7725635611796,4,1,1977,10293.758398503798,Downtown,Multi-Family,1063959.0335456752
1760.412881077355,5,1,1991,8662.68329355868,Suburb,Condo,836260.6184257856
1907.1705116680914,4,2,1992,9066.801702475124,Rural,Multi-Family,797271.3572649725
1446.8325129969858,4,2,1991,6074.625935784094,Urban,Townhouse,843766.1460136758
1401.8966879596646,4,2,2015,6038.025603342163,Urban,Townhouse,846911.9553389358
2406.262911197099,4,2,2004,9982.517316384177,Coastal,Multi-Family,1118505.1915484162
2678.1200142854113,4,1,2021,10076.755309530297,Urban,Single Family,1051969.6094831119
1963.994939209833,2,3,1997,5823.361025941893,Coastal,Condo,903677.6438975049
2501.766448946012,1,1,1971,5441.25900829431,Downtown,Single Family,875171.210608218
2180.818012523817,3,1,1976,7782.814058575112,Downtown,Multi-Family,869594.5109294609
1677.4401226974378,1,1,2016,6401.303093247988,Downtown,Townhouse,593618.5159210683
2180.697802754207,4,2,1962,6359.646241907949,Suburb,Condo,813138.2202468002
2769.0182832329847,2,2,1994,5497.243507145215,Suburb,Single Family,927008.4225204404
1982.0869804450242,5,2,1959,7063.132303439266,Coastal,Single Family,1036852.4673226163
2782.3218279070034,2,3,1958,5690.610514734268,Urban,Multi-Family,1013424.7850862744
690.1274479551278,4,1,2003,5809.198193981527,Urban,Condo,509866.0576111502
2410.9512521876118,2,3,1976,8596.78369313261,Downtown,Townhouse,951446.7034321472
2043.5235341190855,2,2,1983,7889.603531425247,Rural,Multi-Family,672603.9471644178
1850.4963247670662,4,3,1950,8969.757363064264,Suburb,Condo,941742.2848464138
2045.8803882677512,2,1,1981,4701.933129301387,Suburb,Single Family,771380.9234553465
1006.2155426995536,3,1,2020,8019.761219659526,Downtown,Multi-Family,699913.548552824
1890.164056081244,3,2,2016,12151.275084331675,Suburb,Single Family,841181.3971068324
2178.5562857558734,2,2,1969,7255.455031428802,Downtown,Single Family,872769.3920387252
2738.947022370758,5,3,1984,9649.498013144595,Coastal,Multi-Family,1246278.2267529073
1740.8648908631762,4,2,1966,9632.013697548846,Urban,Multi-Family,918664.6914224463
1595.7531985534063,3,2,1967,9730.397216002551,Rural,Multi-Family,702984.211099975
1749.1214782077318,5,1,1994,8333.323374114645,Urban,Multi-Family,1013088.2823384036
2457.701058851037,2,2,2002,9132.17196548843,Urban,Multi-Family,996756.1896984366
2164.3755548298423,5,2,2017,9398.027240026011,Coastal,Single Family,1102327.4934946413
1735.1198981164807,1,1,2014,9270.892056628716,Suburb,Townhouse,597697.9743567735
2256.633716556678,3,1,1950,5765.163652973208,Rural,Townhouse,730217.8884300629
2048.5387746740203,2,3,2007,4585.231034912027,Suburb,Multi-Family,842546.976590338
2484.3224952664445,4,2,1975,4892.832913170386,Urban,Single Family,1055810.5542198424
1648.9734530613239,2,1,1969,7459.680015234672,Downtown,Townhouse,614635.9156765732
1836.1689267011159,4,3,1959,9187.85346884529,Urban,Townhouse,910996.8598237131
1803.9459234339213,2,3,2008,5791.177444976831,Suburb,Townhouse,703636.0969414455
1268.2425259339407,5,2,1990,9847.940917168808,Urban,Single Family,862592.0209250868
2148.060138532288,5,2,1954,6995.449650984227,Downtown,Multi-Family,1052485.7272745383
2130.5276360899447,5,3,2014,7014.489577611842,Coastal,Multi-Family,1139503.823867747
2002.5567283212304,1,1,1966,6327.786008240799,Suburb,Multi-Family,637293.3361566591
1882.7064333124265,4,3,1971,4230.4272819674525,Urban,Condo,968729.5344073259
1292.3146289747929,5,2,1990,8458.628256869293,Suburb,Condo,748075.8701991466
1789.6773386173204,1,1,2017,11425.335425677138,Coastal,Condo,658397.3761258209
1828.6427417366153,4,1,2018,7874.670952934874,Urban,Single Family,907998.5512928986
1598.8613653891905,2,3,1960,4298.736716610295,Urban,Townhouse,734412.8107038039
1919.3571441669953,1,2,2005,9560.685623232892,Suburb,Townhouse,769105.7105222528
2202.0254284072694,3,3,2000,4750.404019794021,Suburb,Single Family,886607.5775798953
2943.0929506052653,1,3,1970,5581.931206021629,Downtown,Single Family,1025780.9346408125
2087.2889064159194,1,3,1975,7523.323655372858,Coastal,Multi-Family,982688.9608291676
2128.775195361382,4,1,1968,8245.686877080396,Downtown,Multi-Family,915891.6259774771
1962.7770421169164,2,1,2009,5982.6719976663435,Urban,Condo,690556.9194873676
1040.6143923504792,3,2,2020,7445.367886868039,Suburb,Condo,575407.9756032358
1986.7430622753916,5,2,1996,9430.324801521368,Urban,Single Family,894210.4288677056
2030.1151049705131,5,3,2020,9704.357769616037,Urban,Condo,1084823.6290604183
3231.621056242643,1,3,1975,10502.912843628528,Rural,Townhouse,927447.3565979679
1903.8195176094387,4,3,1989,11818.837304586988,Rural,Single Family,883208.7128214396
2150.7736711668063,4,2,1954,9619.778643322234,Urban,Single Family,988751.5020315886
1982.6441151473784,5,1,1970,7566.526971191519,Suburb,Townhouse,851799.368101003
1415.660981190234,3,1,1953,9718.627582245945,Urban,Multi-Family,671595.7708023657
2571.4114072575103,2,3,1972,8933.432468010364,Rural,Multi-Family,969137.6918891425
2375.966516343387,3,3,1964,9012.733955052508,Suburb,Townhouse,997340.9317951833
2395.5159735215234,2,3,1957,8354.437570143371,Urban,Townhouse,956514.065072283
1545.3062726026305,5,3,1990,6175.891795692187,Coastal,Condo,977719.9536782816
2701.3971554680497,2,2,1968,5943.807184356139,Coastal,Single Family,1105911.5842282434
1299.0744686038597,4,1,1995,7805.763597849715,Urban,Condo,616840.600747363
2293.428546900135,1,3,1977,8297.820151692744,Suburb,Townhouse,873637.6015568781
3095.227812904989,1,2,2017,6641.118154136574,Urban,Condo,907519.6787716718
1504.7318374346557,5,3,1964,8846.68389721715,Urban,Townhouse,824764.4966560168
1716.851135198614,4,3,1986,12161.531808078378,Rural,Condo,684641.1598369706
2049.8256825438207,3,1,1950,4511.338561443485,Coastal,Condo,756790.0105671459
1748.2621729419004,4,3,2016,9164.488955127521,Rural,Multi-Family,819152.721063403
1224.6682844669335,1,1,1973,7868.05075821838,Rural,Townhouse,495221.3981525218
2034.2814874030137,1,1,1976,8901.31111066931,Urban,Condo,688882.2747492538
1468.8481431369476,4,1,1989,7138.570599079418,Rural,Single Family,647779.6326657576
2236.796215317591,4,2,2012,7707.880229905666,Coastal,Condo,960244.7189005287
1540.2878828830985,1,2,2010,8259.000902016198,Rural,Condo,508418.9395626731
2774.96720250877,3,1,1985,7396.732232929478,Coastal,Single Family,1135784.7509037121
1608.3733538318816,5,3,1973,4958.917365260202,Rural,Townhouse,738048.3739037991
1838.9692418971622,5,1,1973,7532.169938711094,Coastal,Multi-Family,980566.6379413537
2406.758608684835,4,3,1953,5167.132743607612,Rural,Multi-Family,1038052.1738005182
1384.5678417830222,5,1,2016,9306.38622116062,Rural,Multi-Family,728342.6537360195
2113.729967302065,1,3,1983,4268.909797843755,Suburb,Single Family,912467.5231458934
2653.571377141214,1,2,2006,10057.308758911779,Coastal,Condo,947244.082049158
1196.2583827193862,4,3,1998,8859.126000406959,Coastal,Townhouse,918519.957805267
2092.3169292661523,4,1,2002,8866.77723146779,Coastal,Condo,898485.9913500882
2129.9413971242116,4,2,1972,3671.380264304321,Downtown,Multi-Family,998212.4587033429
2390.9114358886554,3,3,2018,7342.801123816887,Rural,Condo,800935.9721816444
1381.5246445609591,5,3,2002,10307.12685731972,Coastal,Single Family,1047657.9836459745
1339.7716934578618,4,3,2011,6962.784041939411,Downtown,Single Family,898580.6745396224
2260.970782808449,2,3,1990,5843.875700072572,Suburb,Townhouse,888546.50337478
2148.492336616593,2,3,2006,6726.659809988576,Coastal,Townhouse,1056251.3482640542
2125.2464251729384,1,2,2009,7863.444754721324,Coastal,Multi-Family,881997.2388529555
2173.2241047484877,5,2,2003,6297.259099374378,Downtown,Townhouse,1056822.218177591
1659.9876392107547,4,2,2019,10467.634464178587,Rural,Condo,756599.6300180317
2116.1268485805017,2,2,2006,7870.6649400192155,Suburb,Single Family,860955.9136454696
2146.5362366493405,5,1,1959,6888.8613041041435,Coastal,Single Family,941396.5703135598
1642.824290986816,1,2,1989,5397.3129463288415,Rural,Single Family,577405.3377961651
2932.8872555723783,3,3,1956,8968.893210557875,Suburb,Townhouse,1179945.6322238399
2236.9164604558937,5,3,1987,8923.332589422727,Urban,Single Family,1004772.2783039572
1404.3482513986755,5,2,2010,6415.582187630616,Urban,Single Family,834564.636503078
2328.276804316915,3,3,1952,3527.34194337171,Suburb,Single Family,1016607.4965636515
1512.6591648863393,5,2,2000,8821.524379151768,Downtown,Multi-Family,920873.4248836449
2393.542301871226,1,3,1996,7626.393217477996,Suburb,Multi-Family,961934.8173103288
2579.297789503702,1,1,2017,8672.142335851338,Suburb,Townhouse,836379.8210099532
1589.6588408241448,3,1,1987,11914.349067279276,Downtown,Single Family,767803.8276586654
2481.6880646221607,4,2,1985,7946.3363125818805,Downtown,Townhouse,1040018.8205301185
2206.390463468249,2,2,1990,6972.322766314456,Rural,Single Family,734733.2532042321
2411.030079997245,4,2,2018,5705.356064703319,Rural,Single Family,882423.0904214814
2948.396491326974,5,3,1962,7375.156417009902,Downtown,Single Family,1357885.2020952578
1877.3059419985648,2,2,2007,8321.154699231283,Urban,Townhouse,769569.537261837
1623.1319178212552,3,1,1999,8106.614841197521,Urban,Townhouse,677401.7558729596
1555.2427851872383,3,3,1979,11446.930680134206,Suburb,Single Family,898270.9218891066
1592.0948575172808,2,2,2011,8998.171130931885,Coastal,Condo,727363.7105460259
1961.4491452929478,1,3,1974,7730.398256985581,Suburb,Townhouse,752605.7474802556
2170.575987408322,2,3,1976,6586.878842333054,Suburb,Multi-Family,889232.3269956985
2138.3453996650096,5,2,2000,8533.34552756664,Coastal,Townhouse,1037542.0814479331
2413.591624518012,1,3,2006,6185.983683234681,Downtown,Single Family,933638.2700762729
2006.5009459389535,3,1,1996,8359.662159075813,Urban,Condo,782653.4794664452
2726.7670385786587,2,1,1988,8974.827853809686,Suburb,Single Family,851909.4652218464
1867.671583381022,4,3,1965,7567.095554457105,Coastal,Multi-Family,1099842.9679102493
3360.0845832948094,4,2,1971,6739.427111869716,Rural,Townhouse,1076023.0874603996
2312.8336738825033,5,3,2003,3629.406305330188,Suburb,Townhouse,1003338.2063364994
1571.4212217918587,4,1,1970,10287.673452840781,Urban,Single Family,809857.9125574982
1464.5537509694439,2,3,2021,8806.600780490564,Downtown,Single Family,865714.678244256
2241.2362076215927,2,3,1965,8855.234563169564,Suburb,Multi-Family,855976.5925086234
1888.2686073370746,4,1,2008,4877.2953284454,Suburb,Condo,747514.2457533402
2357.000247046046,2,3,1980,10759.677399480115,Coastal,Multi-Family,1052878.030991564
2236.6188122867725,5,3,1991,7069.56626676384,Rural,Condo,976924.8428077957
1963.5855436715635,1,2,2023,7422.409394601028,Rural,Townhouse,586298.8464436397
1576.6031409657976,5,2,1981,5861.426289162349,Downtown,Condo,780753.6018734378
1242.5763876570677,5,1,2008,4426.108537320304,Urban,Condo,674954.9793845738
1776.7425239664894,2,1,1983,10314.692623447134,Downtown,Townhouse,665373.3527055777
2428.199397161736,1,1,1958,10573.19473879525,Suburb,Townhouse,781785.116353218
2107.046872065102,2,2,1960,7668.943697293345,Suburb,Townhouse,745323.4679553978
1377.130610644006,3,1,1959,6641.2308603873,Rural,Multi-Family,558656.9539713238
2086.590462925591,2,1,1966,7245.911661731484,Urban,Townhouse,807438.1722519838
2192.658689864418,2,1,2017,7300.770019928901,Coastal,Single Family,911662.019183235
1558.0712818994334,2,2,1997,5600.280555640804,Urban,Townhouse,718207.6193225383
2076.8625529727638,1,3,2001,7415.489569112319,Suburb,Townhouse,801171.0728125005
2029.1043592229998,2,1,1974,8306.203985868651,Coastal,Townhouse,818896.7145844976
1428.5148510846884,1,3,1970,10036.314495297504,Urban,Condo,722333.7403296779
2178.8936801741415,4,1,2014,8028.488328027424,Urban,Multi-Family,857991.0595141909
2280.3922631841174,3,3,2012,4847.296582201128,Coastal,Townhouse,1079081.797744021
2541.5256215876384,1,2,2000,8707.095726397352,Suburb,Multi-Family,826755.9003216604
2526.9010260174514,4,2,1985,7488.138876660493,Urban,Single Family,1049943.4963374066
1311.1653160214546,1,1,2015,10740.819387967733,Coastal,Single Family,592092.6399166475
1531.0874800424385,1,3,1964,10858.915604088015,Suburb,Townhouse,810051.8861974584
2257.51763360433,3,2,1988,10928.908624534599,Coastal,Single Family,1048115.151090391
2256.8929754561045,5,1,2019,6876.824129253441,Coastal,Multi-Family,964861.4517981904
2257.523843153024,5,1,1950,11979.710146675116,Urban,Condo,911356.9880524727
3926.365745327361,1,2,1972,8701.885009791415,Suburb,Townhouse,1079911.4719101975
2285.4452553465835,2,2,1988,11252.760811337266,Urban,Single Family,860166.5086369348
2567.7828200902995,4,1,2006,6994.760772336481,Downtown,Multi-Family,1011485.5442031634
2477.0008817466014,2,3,1983,7402.806524780747,Downtown,Multi-Family,989314.521489799
2325.6956256528993,2,3,1990,8548.054705344171,Suburb,Single Family,974952.6869065224
1842.3653776798271,1,3,2022,8303.75521922788,Coastal,Multi-Family,952424.5559820719
2379.4846102466336,1,1,1962,10509.62388693834,Urban,Multi-Family,822216.2802311177
1613.587392731214,1,2,2019,7535.741362903092,Urban,Townhouse,666320.958933715
1881.5906966299956,1,1,1955,10329.229980620712,Suburb,Multi-Family,711455.2035263518
1757.3182260854483,5,2,2001,9464.469014265307,Suburb,Single Family,943455.2655923154
2040.9370696931612,1,3,1952,7573.215562785703,Downtown,Townhouse,868999.3785896448
3157.329283336754,5,3,2012,9309.353234964627,Rural,Single Family,1093618.9216831622
1066.367403704126,5,2,1998,7053.469906333902,Suburb,Condo,663921.5245790443
2343.1300951872568,1,2,1996,12700.411600011443,Rural,Single Family,723325.0309629029
1193.642064405174,3,1,2004,2671.335357851106,Suburb,Single Family,508695.54477780545
1764.0340671052832,4,3,2013,9345.886408990078,Coastal,Townhouse,1017036.4021325835
2544.475298483683,2,1,2014,4470.808181445906,Coastal,Multi-Family,1008199.360970147
2032.1400095477313,5,1,2016,7548.6865935638625,Downtown,Single Family,988355.9532153453
1461.127611035347,4,1,1964,7828.783821057508,Downtown,Townhouse,769750.7485126007
1642.348145370016,3,3,1981,11015.267117827369,Rural,Condo,748031.5613567177
2339.798874467338,2,1,2017,6615.695575846219,Suburb,Townhouse,868503.0293208677
1634.8166841414318,2,1,1967,10616.023831323557,Urban,Townhouse,698936.6475938223
2108.2292947909873,5,1,1992,5642.366719550406,Downtown,Multi-Family,1000339.4768953669
2022.7859199519069,1,1,1984,10693.339447509732,Urban,Single Family,639478.1465111224
1674.1998261970914,3,1,2007,7051.309116193054,Urban,Condo,742437.4505381968
3071.972044662663,5,1,1982,8146.869038482238,Suburb,Townhouse,1078253.6216402217
2316.9595111590056,3,3,1963,7327.242673779192,Rural,Single Family,872338.8983290631
987.4287066711964,1,1,1983,10564.726948231208,Suburb,Single Family,462227.46987198334
2093.227157384714,1,2,2010,10175.479686467495,Downtown,Townhouse,773093.0580758179
1669.106767615806,5,1,1953,8887.00344116905,Urban,Single Family,891395.2146470513
2426.216667398112,1,1,2008,5696.263230826452,Suburb,Townhouse,718106.7031708859
1603.7396307836498,4,3,1978,6569.956263939514,Suburb,Townhouse,830813.7795329151
1942.6317792665504,2,3,1955,5942.84694898775,Suburb,Townhouse,780163.2503617432
2252.4936394902284,5,2,1998,3503.7142264156737,Downtown,Condo,981347.238753267
2432.8775970850606,3,2,1989,10522.636203700093,Rural,Townhouse,800108.2152246234
1399.8517964721118,4,3,2014,7344.352947314606,Suburb,Multi-Family,843704.3464060127
1832.7493820795257,5,3,2018,7323.012071415405,Downtown,Single Family,965857.1383092087
1762.5273444195218,1,1,1976,10992.204466851119,Urban,Condo,658034.3591933848
1673.335383713144,1,3,1955,7048.022795227265,Coastal,Single Family,838506.0269462768
2882.7271201405483,1,2,1962,6319.058128628138,Downtown,Condo,855078.7818200493
2202.490855480478,1,1,2013,7550.508758970031,Coastal,Multi-Family,820988.9078243015
1369.5580228324775,3,2,2011,5734.661896246207,Suburb,Condo,686141.5168460074
2458.9309735273882,4,1,1968,8688.711538575913,Suburb,Condo,863471.7959785229
3061.0780985063166,2,3,1992,7252.675843471659,Downtown,Condo,1087228.686307152
2516.2326302755737,3,2,2023,6985.457178812375,Coastal,Single Family,1047601.2248486922
1240.3150170229933,3,1,1969,6812.193655959396,Suburb,Townhouse,520181.18286234164
1757.8829635668744,2,1,2017,7787.557012315978,Urban,Single Family,744639.8049381314
2633.455574593311,2,3,1993,8166.962251039702,Rural,Townhouse,786413.6181547642
1646.1652671906097,1,3,1972,6960.049823184956,Rural,Single Family,664310.1312846189
2221.909714073114,3,3,1951,7282.468127809707,Suburb,Multi-Family,1011672.8295284435
2387.3170267146684,5,2,1971,7836.954346361302,Coastal,Multi-Family,1132755.991885781
1536.5347642109587,2,1,2006,7635.163728920922,Suburb,Condo,593753.8976770742
1970.2373219690999,2,3,2021,8062.151933750028,Coastal,Multi-Family,977601.450600559
379.3663299654638,4,2,1956,6646.658393503973,Urban,Condo,552981.3181151685
1487.8061793328552,5,2,2005,10009.185818252981,Coastal,Townhouse,977753.2921337812
1873.7159243034198,5,2,2016,8193.656354819035,Suburb,Multi-Family,907705.1453155123
1376.1084090175752,2,3,1965,6992.306494350246,Urban,Townhouse,770381.4572228814
2816.2056519658177,1,3,2000,8688.76843475707,Downtown,Single Family,1121304.8726863544
1284.9293110196836,4,1,2021,7851.262802362571,Rural,Townhouse,566570.4393424677
1779.9777566515081,5,1,1961,4532.347291032664,Suburb,Single Family,779602.0765643944
2065.3702886430456,2,3,2002,8681.905380443253,Suburb,Townhouse,974845.2265851022
2720.6366445330577,5,2,1954,5960.987595231625,Suburb,Townhouse,1053767.5788350077
1282.0689244102803,4,2,1976,9868.855566462615,Urban,Multi-Family,819934.557904513
2581.58187607748,4,2,1961,7516.500722213106,Downtown,Townhouse,1042617.5893032418
2005.1165305097936,3,1,1966,9560.140594782128,Coastal,Multi-Family,922817.1754558334
1509.2456744760245,2,2,1955,6739.562893604786,Downtown,Multi-Family,744103.2020907796
2231.0517371316355,4,1,1954,8139.858534281279,Urban,Condo,846809.1831329422
2099.529847786735,3,1,2006,10420.487001013753,Suburb,Condo,800217.5917342543
1699.8915614206026,3,2,1977,7461.966907170355,Rural,Single Family,661318.0957582345
2034.9010424950095,5,2,2018,6818.36580252839,Suburb,Townhouse,901872.338655309
1807.3432015691199,5,3,2008,9310.081227563578,Coastal,Single Family,1074214.822678209
2056.758672625624,3,3,1982,9271.323193501921,Rural,Townhouse,756019.7095934253
2331.0653372605234,5,2,2011,6902.501733170362,Suburb,Condo,922683.6030253782
2793.008408072676,4,1,1999,4029.0779591644755,Rural,Condo,772468.0752283527
1381.0922505865756,1,1,1968,6779.954045003288,Downtown,Townhouse,561892.0941589301
3066.5166873281332,4,1,2018,9354.719043372845,Urban,Townhouse,1083684.2154677792
1023.9561002387491,3,1,2015,6449.931621152552,Suburb,Condo,591226.5829974861
1924.1074524822084,3,1,1996,7978.1243259676085,Coastal,Condo,807171.542985873
2294.1586032422883,4,3,1988,6685.0301240673125,Downtown,Single Family,1093880.3588402295
2140.495933867516,5,2,2017,4135.665674947901,Suburb,Condo,917647.2054436274
1688.6502400897032,5,3,1982,6649.037645920144,Downtown,Townhouse,869503.2884872084
1895.9388748213623,3,1,1962,9346.264041379425,Coastal,Single Family,794724.5495781559
1753.4995326705837,2,1,2003,3259.495039868376,Suburb,Townhouse,660360.5962916956
1705.3176215278943,5,1,1956,8504.33470095115,Coastal,Multi-Family,977109.4564063135
2424.8010485105124,4,1,1963,5627.861537201174,Rural,Single Family,831179.9186441068
2178.5077429825237,5,2,1968,9216.884138948384,Coastal,Townhouse,1049695.370068077
1653.545202369673,4,1,2003,9428.637871747305,Rural,Condo,508410.5068026224
2449.799937716625,3,2,1969,7656.104130177448,Suburb,Multi-Family,903714.2589102538
2153.649760438305,5,1,1978,7660.6636824375555,Rural,Townhouse,728057.8782174906
2406.43105941948,4,2,1973,6387.274605727397,Suburb,Single Family,996961.0138670687
2314.8144209618063,3,3,2012,5308.833199790068,Suburb,Townhouse,927838.4953704819
1585.502494538964,2,1,2023,11396.185812667467,Urban,Multi-Family,790901.453377651
1719.9094799015152,4,2,2006,6269.857145657745,Suburb,Single Family,904313.0986016296
2373.646802561631,2,3,1957,11135.592262392944,Rural,Multi-Family,964792.244135334
2305.1851327167324,2,1,2011,6280.999920399647,Urban,Townhouse,727716.3764631837
1989.549203017926,1,1,1978,9050.380780675456,Urban,Condo,670506.305114041
2058.663691654391,5,1,2023,5724.385680692731,Suburb,Condo,798778.4622874485
2638.8324478942122,4,2,1966,9046.79003380403,Coastal,Townhouse,1115994.030659527
1704.214305582085,2,2,2015,7348.825285693756,Coastal,Townhouse,768806.3004076877
2273.548690585019,1,3,1955,7374.967678648659,Urban,Townhouse,928392.3948878199
1898.903673783053,3,2,2007,9220.0463395689,Suburb,Single Family,792234.3889442608
1891.15939838639,4,2,2018,7061.7172698418035,Coastal,Multi-Family,897978.5147929322
2549.388425993595,2,1,1977,5143.703009109805,Suburb,Multi-Family,939985.241031426
2412.708174494015,5,1,2011,9522.611126818905,Suburb,Multi-Family,1008379.524511294
2406.754818000319,1,1,1990,5708.1988200353435,Urban,Townhouse,685435.6194793341
2652.7394035771645,2,1,2018,9033.03456879582,Urban,Multi-Family,899399.4978059551
2010.5019208163794,5,1,1990,9945.993090666001,Downtown,Townhouse,876987.4948807616
2340.976485647482,2,1,1998,7249.012227295565,Coastal,Single Family,884527.4306061963
1844.866621703272,4,1,1998,10364.705688183569,Coastal,Condo,890735.8945773132
2162.0831762442212,4,3,2020,8963.567415722568,Coastal,Townhouse,1116523.4269726388
1934.9284728161576,4,3,1952,6608.277159710449,Rural,Townhouse,832913.5313872094
2048.497982496359,1,3,1959,10802.85800453215,Suburb,Condo,789876.5421874078
2297.5785127184568,4,3,1984,5716.656356521219,Urban,Condo,1045432.5222026979
1590.8896583832638,5,1,1951,7246.5991401928695,Coastal,Single Family,783238.0164607724
3046.19363784273,2,3,1973,7587.370392761342,Downtown,Multi-Family,1112028.9448693309
1496.991309250149,3,1,2023,9210.44740203651,Coastal,Townhouse,703817.357197404
1392.9056936061338,5,3,1987,10230.866594762269,Suburb,Multi-Family,983748.3603451826
2579.055436750034,5,2,1971,10105.583113805427,Suburb,Townhouse,1006484.3721351104
2395.831346981468,4,3,1975,8447.496639148612,Urban,Single Family,1009605.9829775143
2312.0599085260774,1,3,1992,7439.461791072867,Rural,Condo,756275.6679664266
2314.17275463214,2,1,2004,4348.03151674474,Urban,Single Family,744537.3294646655
1993.8766135765427,1,3,1988,5371.708291089567,Coastal,Condo,836897.5400453384
1551.3728142570842,2,2,1978,11533.310978582871,Downtown,Multi-Family,914798.3127884162
2037.9022790968631,2,1,1969,4327.856024994921,Urban,Multi-Family,795476.6636445208
1661.4191442439442,1,1,1990,6431.018713515781,Rural,Single Family,482886.89204563404
2487.5598667088757,5,3,2003,10289.21256410018,Urban,Condo,1098201.6298650668
1926.4713092489308,2,1,1969,8419.426598394733,Suburb,Single Family,749665.7741528334
1587.2514016037442,1,1,1968,9856.090142011384,Coastal,Condo,676674.2525360372
1839.3070791735033,2,1,2015,9085.656702541353,Coastal,Condo,748569.6738199543
2206.4657271378123,3,1,1979,10939.165074721772,Coastal,Multi-Family,954066.9679131426
1718.1377235980126,5,1,2002,8590.854573129769,Coastal,Multi-Family,867789.3935633528
1588.8898022167843,4,1,1983,9326.895458303023,Coastal,Condo,708211.9102314252
2121.843605745956,2,2,1971,6551.506935883319,Coastal,Condo,850385.1420399325
2122.4832855543614,3,3,2016,9172.665951156274,Downtown,Condo,920295.7275993463
1746.5284123144352,4,2,1955,7207.747804021543,Rural,Multi-Family,790148.3732000128
1764.4808471908386,4,1,1976,7093.788264038575,Coastal,Multi-Family,900824.0979486419
2116.0249686788184,2,1,1959,9789.447029294275,Rural,Townhouse,584413.5092075161
1275.957829251338,1,3,2022,9803.246752118728,Coastal,Condo,744567.7225856793
1296.2681128117224,2,2,1997,11376.884311492262,Urban,Townhouse,649926.4048420596
1640.777889373782,3,3,2019,11246.526370972402,Coastal,Condo,1019618.2786303199
1893.2764241440764,4,2,2008,9834.63032271755,Suburb,Multi-Family,927940.5513905509
2155.4537827990025,2,1,2008,4559.108779526575,Downtown,Townhouse,681655.951105787
2737.678108474776,1,3,1951,11655.361965899392,Urban,Townhouse,1071938.1865354313
2428.8298116010096,2,3,1978,9835.935341332724,Urban,Single Family,956088.1888290031
1920.0307350182864,5,1,2017,6468.279819827395,Suburb,Condo,749310.6965637857
1990.4918960486557,1,3,2014,9457.818311125564,Coastal,Multi-Family,1058971.803392535
1498.7353176810957,3,2,1975,5925.468518074544,Downtown,Single Family,799166.23901637
1990.743432003805,4,2,1959,9237.260240219484,Urban,Single Family,955273.2879621327
1855.6706805399308,2,2,2002,5367.459917851802,Downtown,Condo,789824.4414908526
2161.3592801690447,1,2,2008,6383.5631824267275,Urban,Single Family,784690.1861340525
1586.3845282238385,5,1,1971,9419.858258401053,Coastal,Condo,812855.9334274569
2259.673257120586,1,3,2000,10145.773485985788,Urban,Single Family,887200.6461071591
2766.369456501289,5,2,1997,8650.87371886762,Urban,Condo,1156671.5738567975
1945.6199257715712,3,1,1970,7427.662726624058,Rural,Multi-Family,688451.6764477749
2200.8558610494706,4,3,1971,3770.267409966019,Coastal,Condo,1101768.261245531
2345.0719958555565,3,3,1979,7581.957800697281,Suburb,Condo,931001.9318131728
1799.389764057082,2,1,1974,9066.970153649056,Suburb,Townhouse,619843.6247124745
2112.0462409052084,1,1,1977,7366.469788128706,Coastal,Multi-Family,739830.7734282825
2006.2962003908974,5,2,2014,7954.844117811163,Suburb,Multi-Family,1004833.6199249371
2048.838049274416,5,3,1994,7628.7650641641585,Coastal,Multi-Family,1237016.3390963026
1613.4951080722667,1,3,2017,7356.587564357133,Suburb,Single Family,696883.3090239139
2012.2550871294713,1,1,1956,8151.754779919625,Rural,Townhouse,569478.4197573934
2248.999145622725,2,3,1998,7454.610835695079,Suburb,Multi-Family,873092.0975189828
2725.571803897521,3,2,1958,10886.579107263884,Urban,Single Family,997562.422462729
2479.6354130426034,5,3,1985,3587.162303232534,Coastal,Single Family,1205759.733393411
3076.5912287557785,2,1,1950,6908.314828057844,Downtown,Single Family,888445.1156079248
1616.3262185559752,3,1,1959,6259.487552965549,Downtown,Townhouse,704561.5188395536
2436.1603183603393,2,2,1985,8438.22120006882,Coastal,Single Family,941088.1460015546
2091.671002869176,5,2,2022,8154.289571766252,Rural,Townhouse,871543.6097195802
3094.901466608836,1,3,1995,11244.386203098857,Suburb,Condo,996432.192229585
1595.8508573224242,1,3,1981,11902.28409659559,Rural,Single Family,703753.5429208421
1580.139078909612,3,1,1981,6453.833088859037,Downtown,Multi-Family,737417.0668889767
1700.303677277989,4,2,1955,8001.000130067259,Coastal,Single Family,862446.7601144586
938.0521378450965,3,2,1997,8392.608833848712,Coastal,Condo,609925.4676864495
1737.1224891596194,4,2,1987,6404.372503325329,Rural,Condo,587695.8851706521
1620.433669223151,2,3,1966,9256.764072075246,Rural,Single Family,728618.445835506
2075.1968932381037,2,2,2023,7520.985262470111,Suburb,Condo,887830.8509234211
2170.87798788858,5,1,1976,5864.730298798044,Urban,Townhouse,912861.1559309628
2938.085419607943,4,1,2003,7440.8633914669135,Urban,Townhouse,1088723.74497914
2475.2119190930252,5,3,1999,6004.6508545187025,Suburb,Single Family,1161644.3026306496
1711.5481721687984,1,3,1984,10073.293658838511,Urban,Townhouse,745159.3022342479
1550.792664325821,4,2,1974,11803.118510227341,Downtown,Townhouse,909839.9244658322
2245.9595857532527,3,3,1977,8489.638747789078,Urban,Multi-Family,995411.3763139702
1339.883396489679,1,1,1964,8222.55353610655,Suburb,Single Family,512554.05350155063
2915.7293829271766,1,2,1953,8304.869533748371,Urban,Condo,889540.6079573617
2589.7200603606434,3,1,2022,10364.468057876631,Coastal,Single Family,993906.4512451554
1765.4121739476477,1,2,1976,10321.398007194366,Rural,Townhouse,615357.8979848088
1143.4327354545612,4,3,1975,7768.692862903538,Downtown,Multi-Family,836485.6746108896
2676.9361870827065,5,2,1968,8505.179854758182,Coastal,Single Family,1224168.275619481
1942.730077373691,1,2,1966,9305.292814354158,Coastal,Single Family,880409.6836980826
2618.908155986731,4,1,1992,5724.625086898532,Suburb,Townhouse,923752.9332540631
1202.7861706028166,2,1,1990,10425.216474840912,Rural,Townhouse,543663.9119251402
1700.3124885231136,4,2,1991,11469.663782454456,Rural,Single Family,815880.4490498105
2002.6218498590915,5,3,1999,10330.064209678914,Downtown,Townhouse,1110561.155530236
2023.490296882371,4,3,1989,5508.812176770891,Suburb,Townhouse,939449.7889874912
1774.9672642603782,3,1,1988,4059.9990891622515,Downtown,Townhouse,746681.7551886033
2311.4249661737495,5,3,1972,9417.437347035862,Urban,Townhouse,1112762.5481243168
1466.1897853087028,2,1,2001,6479.621102075827,Coastal,Townhouse,681398.1312485
1928.8102574893533,3,3,1996,8574.266708245972,Downtown,Multi-Family,964454.9120236769
2060.1478158559494,4,2,2012,11070.297440015098,Coastal,Townhouse,878295.4132274498
2257.2194170293747,5,1,2018,6686.08964720318,Suburb,Condo,902562.602098132
2355.807439044445,2,1,1992,7244.89068718208,Urban,Single Family,863658.3020889672
1437.6789540810655,3,2,1997,8553.445945176632,Suburb,Multi-Family,701947.0777342544
1232.9429146321888,2,1,1983,5404.980720035539,Urban,Multi-Family,632171.91901264
2638.8384109492545,4,3,1989,6484.287607988248,Urban,Townhouse,1059512.7863139159
2166.157005989796,2,3,2010,8049.715007502538,Coastal,Single Family,986153.5171151182
1625.756731721723,1,1,1999,7399.090262364497,Suburb,Condo,607584.8240243348
2775.5759877612613,3,3,2016,9216.815507598452,Suburb,Townhouse,1008267.5555795439
2057.8373171464295,2,1,2011,13531.959228878535,Downtown,Single Family,760719.8701390176
2589.6485920319133,4,2,2007,8198.27667883625,Suburb,Townhouse,1079862.820082764
2033.7592407050545,4,1,1982,6316.576107923982,Downtown,Townhouse,834256.8937538116
3030.3739624409936,2,2,1965,10836.480709515128,Rural,Townhouse,949084.4756973278
2877.6704212216023,4,3,1997,4822.363049359557,Rural,Townhouse,924410.7563996714
1875.5179257604632,5,2,1959,5222.183657941785,Rural,Townhouse,701184.3399622589
2485.785475477178,5,3,1987,6809.793122704553,Suburb,Townhouse,1039258.8349300374
2322.6879747925736,5,1,1968,7434.226558960749,Suburb,Townhouse,879435.688926684
2684.3157787661744,1,3,1985,6761.854526965582,Downtown,Condo,879008.0985554071
1517.5382697099478,2,1,2008,7936.975351153954,Urban,Multi-Family,692457.3545192593
2343.0257299992195,1,1,2012,8549.48380549269,Downtown,Condo,764282.2734601465
2529.212243424794,4,2,1995,10137.919070550277,Rural,Townhouse,841124.9001457833
1120.6302567884427,1,2,1952,8182.376547687564,Downtown,Townhouse,549307.9991265862
1408.3707436671125,4,2,2023,6876.107504609797,Urban,Condo,714015.6145638934
980.3839111199497,4,2,2014,10029.290772878823,Suburb,Condo,594378.9461437319
1865.2965827777211,3,3,1957,6364.569048539739,Downtown,Multi-Family,810804.276799347
2358.7711278979814,5,3,2000,4734.794508625354,Rural,Condo,921176.1828154798
2751.178526048014,4,3,2022,10411.912035809084,Rural,Multi-Family,1037973.3807535995
2037.0473902098877,3,1,1955,10283.706489621944,Suburb,Townhouse,742920.7182487587
2814.307772785646,5,3,1988,6415.403215591788,Downtown,Single Family,1173148.3945846497
1309.9492708925543,4,3,2009,7201.802292358149,Urban,Single Family,894423.740597815
1148.3087803224225,4,3,1977,6166.144909340141,Suburb,Single Family,909462.0600820392
1972.2261505516906,1,2,2003,8653.248435130268,Downtown,Single Family,751307.2294849318
2192.0327244696537,1,3,1986,11464.098582736164,Coastal,Townhouse,1019311.844756229
1983.6526259529535,5,1,1958,9405.763597190244,Rural,Single Family,787891.8337839065
966.2789499800617,4,2,2005,10071.449285166065,Urban,Condo,675884.0310109643
1955.4399802436058,2,1,2008,9639.456663382023,Urban,Condo,677879.1425374898
1347.7652497475733,1,3,1951,7999.761702881813,Urban,Single Family,705491.0149522242
2334.836274415019,5,2,2010,10166.68087582263,Rural,Condo,931280.1937470483
2183.299123048424,4,1,2007,9490.0611258256,Downtown,Multi-Family,882906.0821909872
1530.0601068363223,4,3,2009,10878.891430306272,Suburb,Townhouse,852556.1419612232
1743.0665413316533,2,1,1989,7080.902117676487,Downtown,Single Family,775367.8292458383
1470.3932390555242,5,1,1985,4523.776720909227,Suburb,Single Family,794383.2660920507
1968.660451363414,4,1,1986,10090.502029746156,Urban,Townhouse,766655.3034739015
2477.571160250619,1,3,1967,8699.539041212116,Downtown,Condo,906582.3333671321
1507.1369768322281,2,3,2012,7407.907799357527,Urban,Townhouse,806067.3267549346
2252.023257758922,5,1,1971,7519.694375385017,Coastal,Townhouse,1023274.5293947645
1734.8711908137795,2,2,1960,13109.372651804231,Urban,Condo,787277.8274839416
1603.563583868828,1,2,2007,6715.610694931458,Urban,Townhouse,679205.0646567878
1946.4848200227211,5,3,2006,6293.393386347334,Suburb,Condo,978961.5883360702
1482.378838790313,2,3,1953,8170.568466986703,Coastal,Condo,829768.4311893539
1723.1753473264089,3,3,1956,10360.981755945922,Urban,Townhouse,951026.6321214059
1401.061053705576,1,3,2010,12556.803973058455,Urban,Multi-Family,752905.6716348465
2982.3625664581946,1,3,2003,9314.729926779142,Coastal,Condo,1075755.7210727956
2017.6317759858644,1,2,2017,5459.1825120411395,Coastal,Townhouse,761773.826141493
1650.1372460037073,3,3,1950,11941.728541435597,Downtown,Condo,804135.0035676989
2106.989955367111,3,1,2004,7961.062601845806,Suburb,Multi-Family,832851.1391355703
1943.8359751545852,4,1,1952,6324.581136210061,Coastal,Multi-Family,884380.7874148748
1889.5152002333884,2,2,1987,5841.215085801292,Coastal,Single Family,857924.8353308163
2307.0833500217127,4,1,1950,9672.657438670913,Rural,Condo,815667.4227239076
2378.7538550236527,2,2,1987,8477.658772372828,Coastal,Condo,999835.9499852358
1734.7494261947363,3,2,1978,8690.150753891701,Suburb,Townhouse,879402.8779428209
1712.09087967766,3,1,1954,10573.006238143862,Urban,Condo,777565.8325462074
1862.474151424178,4,3,2023,6395.690816980712,Urban,Single Family,1081924.1939590136
849.0394176322077,5,1,1970,10732.309256547296,Urban,Multi-Family,722295.913199806
1242.4044689007237,4,1,2020,6961.68535441262,Urban,Multi-Family,670138.2914199787
2683.4371337222624,2,2,2016,12328.014747824713,Rural,Single Family,804907.8720093019
2822.4838567506417,4,1,1996,9197.47803198628,Coastal,Condo,1109900.6918821358
1875.4819802218108,1,2,1984,6159.522940447246,Urban,Condo,686875.3358871194
2288.2784815278833,2,3,2017,3949.163833359041,Downtown,Single Family,965408.0912646727
2155.625077271768,2,3,2018,9617.849444558022,Urban,Townhouse,883560.708279453
3539.440404227619,5,3,1950,7251.639448019632,Coastal,Multi-Family,1422687.581103158
2559.787455717288,3,1,2017,7688.868610956329,Urban,Single Family,926289.7986870855
1936.0412042596167,2,2,1961,9532.392018348215,Rural,Single Family,633209.0264374625
1522.229779699787,3,3,2009,10020.827652501312,Suburb,Condo,798307.0174928687
1196.7768398712137,4,2,1976,10447.420681338583,Suburb,Multi-Family,844746.4811376922
2101.7318179336116,1,2,2005,5650.317383234127,Coastal,Condo,697416.158419952
1621.8246273578484,5,3,1972,10851.789499249178,Suburb,Single Family,878758.2790639598
1288.873145201163,3,3,1974,6841.909327663701,Suburb,Townhouse,778164.673753704
1676.7135578787368,2,2,1970,3487.5001305035466,Downtown,Multi-Family,847978.6059113083
1459.2259981928025,3,3,2010,5643.119306279908,Coastal,Single Family,876566.1596629759
2843.5708175362824,2,2,2012,8436.05018426513,Coastal,Single Family,967182.3836763552
2440.819878474725,3,2,2001,6042.371507837721,Suburb,Townhouse,970072.0419311712
1996.0136793416914,2,3,1974,7823.911061647912,Suburb,Single Family,825169.0335808516
2739.972069445013,4,1,2004,8676.504975058357,Suburb,Single Family,953714.6216179137
2038.684153823809,2,3,1995,7637.229193781428,Rural,Multi-Family,816375.2203496579
1569.3578993358683,2,1,1981,7011.291324286566,Urban,Multi-Family,643706.3678930686
2761.5620386348287,1,2,2004,5498.607874023548,Rural,Multi-Family,766398.9607392238
2269.455021842329,2,2,1954,8043.887616430665,Coastal,Condo,851620.4328224148
1481.3769228367719,1,1,1985,3870.08522483053,Downtown,Townhouse,662022.2387378912
1904.830660958196,5,2,1998,6628.003916561157,Urban,Multi-Family,1026886.8311957091
1562.1908733076214,1,1,2007,6144.431781878478,Downtown,Condo,602586.2006017758
1308.600134517832,4,1,1988,7521.24629698217,Coastal,Condo,618804.5971017489
2463.088773765821,1,2,2010,7573.340401381462,Coastal,Townhouse,940394.0515128509
2954.708320235065,5,1,1958,9919.91334886749,Downtown,Townhouse,1117551.241211824
1300.7162130904294,4,3,1955,11166.9545544992,Downtown,Single Family,827571.3583813235
2281.4846183452855,3,3,1984,5764.44231952606,Downtown,Condo,976454.641940379
1674.6787154390865,3,2,1988,11985.66525054006,Coastal,Multi-Family,976238.6941534521
1756.437308117652,1,2,1971,6441.408800957136,Suburb,Townhouse,689062.8015580047
1703.8030378805654,1,1,1990,8345.05356584618,Downtown,Condo,577477.4053203326
1568.004615160092,5,1,1954,9021.725978296636,Urban,Multi-Family,834772.7850777003
2024.2608139724134,5,1,1991,12889.165505165012,Coastal,Condo,984915.8368803676
1584.524941794481,2,1,2016,6915.435324474672,Rural,Townhouse,511054.7666921521
2135.2284128899196,5,3,1979,4406.523974043894,Rural,Single Family,989692.5469035482
1974.8809452754315,2,3,2006,10980.758940385964,Urban,Condo,875264.0615990215
1880.5259765667952,4,2,2022,6333.2528824091305,Suburb,Multi-Family,927617.5929897962
1546.218168979201,1,1,1978,7276.822838848814,Downtown,Townhouse,639497.7803396723
1711.6143347158336,4,1,1986,5764.500692147649,Coastal,Single Family,796411.2352386118
2377.695612912878,5,2,1962,7282.592453902162,Downtown,Multi-Family,1090651.3866199204
2250.4585938121904,4,1,1981,6319.216927589118,Coastal,Multi-Family,968170.0797244355
1511.2223776007245,4,1,1995,9352.883632989542,Rural,Multi-Family,705701.1934254466
2049.666152714613,4,1,1972,8161.583259443959,Downtown,Condo,851102.7991753437
2375.6935616858946,5,1,1994,6637.889678770643,Urban,Townhouse,928317.5376257526
1165.2973594393143,4,1,1966,9991.743953317855,Suburb,Multi-Family,620525.621482319
2271.6800961899676,2,2,2015,8509.993501349198,Urban,Condo,748540.5701387124
1668.6881205270765,5,1,1955,4307.90349911189,Suburb,Townhouse,771294.2725982224
2285.2993342965797,4,2,1967,9839.406628168603,Downtown,Townhouse,947096.266138486
1618.3704217287416,5,1,1971,8369.73576770527,Downtown,Condo,825929.0865891363
1097.5589496677405,3,3,1982,10781.464975183086,Suburb,Condo,619462.1015556522
1186.2287810584187,2,3,1979,8247.83485268529,Rural,Multi-Family,711032.4903855547
2024.0424733306909,4,3,1981,6416.58129886481,Coastal,Townhouse,1073184.605657046
2129.861250860741,3,3,1991,7591.4093333963265,Urban,Single Family,972988.5513380163
1547.8416874477957,3,2,1959,9607.838661761441,Urban,Condo,817660.4776185029
2319.296229388687,5,2,1985,6458.525880598275,Urban,Townhouse,1047072.7719917856
1169.23996886552,3,1,1983,7119.406425784883,Downtown,Townhouse,598994.8639711762
1966.9601006763417,2,3,2022,7556.622840001865,Urban,Multi-Family,917253.9498241941
1394.4919001187718,2,2,1977,5701.256779568254,Coastal,Single Family,661890.9489308584
1674.0819460989205,1,1,1960,6487.353150742851,Coastal,Multi-Family,771462.6705009409
2023.699335658207,2,1,1988,8345.10038360838,Suburb,Single Family,710467.7851500971
1569.7933173580238,3,2,1996,10404.955495306016,Downtown,Single Family,721722.1986861856
1807.7222278850872,2,3,1968,8634.29396942095,Coastal,Condo,822423.9869536727
2503.14640460722,5,1,1964,7908.277481261957,Rural,Townhouse,885116.2707502244
1711.5540652384257,1,3,1977,6337.458452095379,Downtown,Townhouse,857388.2410599696
2417.846056032571,3,3,1973,10190.320823440463,Downtown,Townhouse,1037842.0912696208
1435.1465726711908,1,3,2021,8867.010999893684,Coastal,Single Family,764361.8024340619
2264.9020889576414,3,1,1958,6586.540472961521,Rural,Townhouse,615675.6356723808
2720.78431032895,5,3,1996,9797.2969173698,Suburb,Condo,1193474.0775596944
764.1777499363554,1,1,1982,9119.154123020933,Coastal,Single Family,549104.7095247372
1601.5523722647617,4,3,2011,6372.939301267528,Rural,Single Family,766768.1899270527
2288.53606359027,3,1,1968,7797.2434874716,Downtown,Single Family,845079.8408516349
1898.4773069785037,4,3,2016,7014.454543514126,Rural,Single Family,879959.2159999528
2185.5729366856544,1,2,2023,13267.07588006321,Downtown,Condo,842965.891441015
1698.0074066420898,4,3,1989,9063.489766251318,Coastal,Townhouse,943989.7094868773
2043.29489373645,4,3,1996,8373.52410969648,Coastal,Condo,973007.9747507253
1922.1613823039602,1,1,2014,8945.326112153427,Urban,Townhouse,605963.7722358844
2583.8910308299037,5,1,1978,10758.325176394996,Urban,Condo,949958.6030242379
2127.2104216506063,4,3,1999,7833.239711123068,Urban,Multi-Family,1010019.0102065989
2168.801331037601,4,2,1962,6820.181404268487,Coastal,Multi-Family,1124965.774137341
1794.0615169387663,5,2,1950,9688.566456194836,Suburb,Multi-Family,907066.1045557554
1756.1968879637532,4,1,1983,7650.110867997376,Coastal,Multi-Family,830306.6095352509
1783.7209060901896,4,2,1997,5860.209341838993,Rural,Single Family,681070.3558822565
2197.2260711891486,4,3,1997,5470.627136487883,Coastal,Single Family,1087299.7698681892
1789.5077595898686,2,1,1998,11058.593101679067,Coastal,Condo,651888.311277427
2144.8874284482063,5,3,2013,8263.289133838569,Downtown,Condo,1048587.8956657143
3037.7003993227195,4,1,2010,6820.865232015198,Downtown,Multi-Family,1030833.9310005418
2435.562351715846,5,1,1978,7531.330177915873,Downtown,Townhouse,1035499.6395698336
1836.9882339160795,3,1,1988,9614.889436016703,Coastal,Multi-Family,875100.2114253966
2600.6069610819723,3,1,1975,7413.18896831591,Suburb,Condo,940738.5171345961
1795.9623134892242,4,2,1966,5101.160541645164,Rural,Multi-Family,749888.2364309601
980.9377324110731,5,3,2020,8651.68170429585,Rural,Condo,514858.7633051811
1495.9568445412979,5,3,1962,10416.695635147127,Suburb,Multi-Family,1025358.9071018054
1064.6040394870722,5,3,2018,10282.928635944501,Suburb,Townhouse,846231.6090009903
1824.2432579793456,2,1,1975,6881.340123725509,Rural,Multi-Family,634600.7461625304
2009.2091895947758,3,2,1998,10538.34531291676,Urban,Townhouse,809204.3849963365
2838.218656137641,5,3,2016,8425.899947343245,Downtown,Townhouse,1214230.8281844752
2163.463686882081,5,2,1956,10482.294687757454,Downtown,Condo,995027.2545719865
1890.449735595568,2,1,2007,9147.374060005108,Rural,Townhouse,567635.7865388341
2414.702790591745,2,3,1998,4956.80631473466,Suburb,Single Family,850806.4484293485
894.4323454960575,5,2,2002,11493.477875016693,Urban,Single Family,904988.4608872477
2117.807279054283,1,1,2014,8103.567702397907,Rural,Single Family,637270.7562142573
2385.4325969434835,5,2,2011,9153.587647827633,Downtown,Condo,1049983.6599788545
1260.7068771100792,5,3,1966,5311.910743056312,Coastal,Single Family,1020995.2101879963
2571.8770216034645,2,3,1992,9010.65300015613,Suburb,Condo,970838.2798734156
2169.2482037472073,2,1,1974,10205.85546548532,Coastal,Condo,778418.7740728831
1792.3560430495993,5,1,1952,11870.640673196809,Rural,Single Family,805513.5498667884
2316.3909330531424,5,1,1978,10800.799589590564,Downtown,Townhouse,1012692.9848874821
3135.3464289021977,5,2,1981,9108.44940789208,Urban,Multi-Family,1193747.241954197
2090.9331275292475,2,2,1975,4911.245293303227,Coastal,Condo,884743.5853866179
2124.110293150168,5,2,1965,8264.545580994843,Urban,Single Family,980616.2849262038
1770.319550229878,5,1,1974,6814.980869574139,Downtown,Condo,825962.724383777
1575.0778152676041,4,3,2003,8469.955749632494,Coastal,Townhouse,992647.8651473447
2415.167908272123,1,3,1977,5567.348334409802,Urban,Townhouse,956995.2083917216
1571.9580870455663,3,2,2022,7579.666184416197,Urban,Single Family,752190.1490748416
2035.7831186096962,1,2,2005,6965.633832387863,Coastal,Condo,815732.9019164918
1761.1712766174417,4,3,2014,6903.667288061508,Downtown,Multi-Family,1093938.9030753556
2239.489912873196,3,3,1990,6923.527628017691,Urban,Multi-Family,1002713.24591338
2166.8310526434743,5,2,2000,7728.290567223511,Rural,Condo,836835.5022497915
2518.7699721289496,4,2,2020,8572.389518096044,Coastal,Condo,1154327.4657401694
1744.9918005726265,5,3,1978,3003.012824257098,Suburb,Condo,923687.297833266
1865.0625323533143,2,1,1968,3247.134287324273,Suburb,Single Family,592349.1639492284
1510.6181421088463,4,2,2015,7322.61732015625,Downtown,Townhouse,780462.8324148323
1777.8533699619443,2,3,1990,7604.461910588771,Rural,Multi-Family,782071.9442636048
2188.650246522426,4,3,1994,8378.22243320788,Urban,Single Family,1055171.4068650485
2378.494308322676,4,3,1964,6544.655290287552,Suburb,Condo,992951.131452914
1538.9173379111874,2,3,1952,8018.9303880453635,Downtown,Condo,881139.3286807875
2434.8029600528303,3,1,1960,8253.04641003611,Rural,Townhouse,698351.4662528269
2677.8189294024755,1,3,2002,6530.8838062690575,Rural,Condo,794697.5137402386
2206.7174516118503,5,2,1995,10026.911643482203,Downtown,Single Family,947822.5380678694
2938.397906279033,4,1,1979,8353.972622910122,Downtown,Single Family,1115382.438810406
1613.1054004482135,5,3,2006,9093.92219092658,Urban,Townhouse,908748.0759911465
1377.6726483442915,2,1,1967,8137.6914625677055,Downtown,Single Family,695779.8254217432
1110.6398755478608,5,2,2000,12207.34620612344,Urban,Multi-Family,885766.2127120545
2748.0221557445916,2,3,1997,9192.794138235307,Urban,Single Family,1167723.364779484
2327.182828177029,5,2,2015,7024.0133675855495,Coastal,Single Family,1139520.4112998943
1972.2076645447726,1,3,1957,9641.9337687368,Rural,Single Family,700546.8705366331
2139.98431315991,1,3,1971,4724.790165086657,Rural,Multi-Family,776401.9614572698
1437.2554763508117,1,3,1955,8239.200525334209,Rural,Condo,516184.4555054039
3222.875989808413,1,3,2006,8638.320580183981,Coastal,Single Family,1184324.809738048
2064.6105909876137,1,3,1985,8262.041524157396,Urban,Townhouse,822687.2005411912
2054.6973973024465,1,1,2006,7332.442258322226,Urban,Multi-Family,724684.7682685067
2362.883311949346,2,3,1998,5975.453286325969,Downtown,Townhouse,912335.6044251209
2240.5046158683567,4,3,1994,6421.305975898075,Coastal,Single Family,1124629.7560413005
2111.9420121395656,5,1,2015,8204.149832494768,Downtown,Townhouse,961120.6528746905
1604.762772277344,1,1,1994,5772.961535144015,Coastal,Single Family,596612.5223976024
2235.734178567998,2,1,1969,11540.335231294546,Downtown,Multi-Family,822318.8792068155
2941.012248237517,2,1,2013,2718.204641312588,Suburb,Townhouse,866495.8313130798
2672.7100230774886,2,1,2016,7353.124264910792,Rural,Townhouse,610541.793879381
2796.5933133196986,4,1,1952,8220.779278215394,Rural,Single Family,962635.7807406627
1744.3921617844073,5,3,2003,9014.841855666578,Urban,Single Family,963697.1009075616
1505.1975898707096,4,3,2013,6168.150545475146,Suburb,Condo,766275.8947635962
1937.1065399501758,3,2,1989,10268.589587776425,Rural,Single Family,732297.142116078
2027.8624561443473,2,3,2008,5212.337912374154,Urban,Single Family,894302.8227306514
2547.0957592354744,3,3,2004,6867.742822784864,Suburb,Condo,936334.2210634022
1153.7676851425904,1,1,2011,9241.495110558848,Rural,Single Family,457081.69588075863
2764.7751597303068,1,1,1953,10080.377129585504,Downtown,Single Family,898642.2445660501
1920.9960507105052,4,3,2009,5191.9974072378045,Coastal,Condo,949197.1024980224
1786.55946502629,5,2,1979,13290.073580830318,Suburb,Multi-Family,925542.0050632909
1493.9478123699164,3,1,1951,6205.0168736655805,Urban,Multi-Family,629076.1620227952
1172.5716640671153,5,3,2011,5375.635044944434,Suburb,Single Family,779825.4632614035
2411.585291980957,4,3,1998,9005.429783546515,Urban,Single Family,1101524.123724542
2036.658983594202,1,2,1958,7303.413092837086,Suburb,Condo,653305.6343795345
1355.019550129473,5,2,1980,7007.895374920511,Urban,Condo,874257.6095529519
1352.4606139681919,5,1,2010,9191.28811513944,Rural,Multi-Family,675994.7233847927
1832.107650354936,1,2,1997,4945.408619144382,Downtown,Townhouse,653207.4019115092
2834.5107626446966,3,3,1974,4595.731200050595,Rural,Single Family,910113.4442258141
1870.2043243181977,1,3,1985,6805.1532697135435,Downtown,Townhouse,864215.1159462786
1248.428523440947,5,2,1957,10155.803478906651,Rural,Townhouse,672339.0419522689
1877.1284679570279,3,2,2022,6891.889413174433,Rural,Condo,716684.8819851596
1863.6382151261648,3,2,2007,11198.313369057229,Suburb,Single Family,816094.8108666159
651.5566785292142,1,2,1994,10402.02952234378,Coastal,Single Family,558709.8786923862
1972.8525667410938,5,1,2011,8565.89236901497,Urban,Condo,899472.3437450129
1884.532734895661,4,2,1988,8679.447718749514,Urban,Townhouse,831174.91672145
2348.103182406709,5,1,2007,8564.005250033711,Urban,Condo,942593.3694000285
2924.4780474726726,2,3,2013,8319.4354573642,Downtown,Multi-Family,1122203.6062612871
2563.2825147738786,4,2,1993,7267.516605043641,Urban,Single Family,1072230.2566487826
1865.5556547225847,3,1,1978,7499.624333585674,Urban,Multi-Family,879333.4519892354
1446.7370456291649,4,2,2008,5860.079686814835,Suburb,Condo,704838.9233998567
3286.67990162493,3,3,2020,3579.9144214196403,Rural,Single Family,1029878.4454922614
2029.609217007244,3,3,1958,10208.1412185641,Urban,Multi-Family,1016052.9689461371
2006.964645956473,4,3,1955,8314.516873570597,Coastal,Multi-Family,1039365.3337989943
1987.9374564449984,3,2,1978,8012.422711243572,Urban,Townhouse,921272.8777377193
2099.0423803839276,3,2,2007,8796.898245715758,Downtown,Single Family,991794.094808188
1927.8197940380287,2,1,1966,6343.205090412702,Downtown,Multi-Family,718924.0023016478
1713.1689965598819,5,3,1965,5997.875573231135,Downtown,Multi-Family,944966.9362077868
1726.570529379804,5,2,1952,7432.630612643695,Urban,Townhouse,824648.4012963683
1983.6233648920008,2,3,1970,10736.196963527625,Suburb,Multi-Family,845137.1757980825
1728.2876144331176,4,3,2013,5662.517943013747,Coastal,Multi-Family,1070358.140819441
1643.5771086614177,1,1,1985,2745.8692863836677,Urban,Multi-Family,698403.283953172
2053.2151138459485,1,1,2011,6957.197816362495,Suburb,Townhouse,691035.3224819433
1872.5113912895724,1,1,1991,10285.399832470366,Suburb,Multi-Family,668219.6665894435
2751.9964942913443,2,1,1991,4534.911951291293,Urban,Multi-Family,919298.781960246
674.515095803494,2,3,2010,5639.432792354257,Urban,Single Family,575611.2814822183
2545.7534259612307,3,1,1962,8527.093481156337,Suburb,Single Family,932846.5548762396
2623.0425962488143,1,1,1960,13139.81407095067,Suburb,Townhouse,812909.0366036429
963.3048837959252,4,1,2003,5283.576662947609,Suburb,Condo,588038.7491747463
1828.6562029598256,4,1,1965,5206.131817064082,Urban,Single Family,756885.1145842968
1814.2795670021042,1,3,1957,8677.396737678371,Suburb,Townhouse,748513.0377453803
1296.2441526410894,1,1,2008,10409.348879987409,Downtown,Multi-Family,653349.2319272151
1611.0916562045622,1,3,2006,6751.80257534858,Urban,Multi-Family,858752.989093836
1444.7120772670855,2,2,1989,4757.211687755662,Downtown,Townhouse,661223.4859197661
2876.1352217118115,2,3,2008,8867.498441772692,Rural,Multi-Family,1014387.1319097668
2467.8391965737305,2,3,1951,9229.682794605946,Urban,Multi-Family,979212.6634572616
2635.7775474970795,5,1,1959,11557.310253076497,Rural,Condo,966701.7494061288
2360.8360320216175,4,2,1993,9313.894224648557,Suburb,Multi-Family,977295.4421139398
1435.4741143913852,4,2,1960,9656.132152744758,Suburb,Single Family,818550.7423446064
1737.7398668601131,3,2,1951,7475.709712264188,Coastal,Multi-Family,918307.0026950253
2244.687280613959,2,2,1999,12883.008684338936,Suburb,Townhouse,973517.6556125112
1388.9360955540274,5,3,1961,7203.71597882306,Rural,Condo,751400.879406149
2356.499215086194,5,2,1972,6776.15575717646,Suburb,Multi-Family,1006627.8206536147
1879.8373009209324,4,3,1967,11619.029837037213,Urban,Townhouse,992737.9350000257
1812.5895962252011,2,3,2011,5051.52544220918,Suburb,Single Family,849737.5897948549
2355.4799841017457,3,3,2011,4305.183230944171,Coastal,Multi-Family,1090848.4197871229
2222.13165574302,2,2,1987,8239.113849196969,Suburb,Condo,734583.6071831834
1819.51691709046,1,1,2016,7996.526953448609,Rural,Multi-Family,534086.0751158172
2579.664901682124,2,1,1987,7544.224036898676,Rural,Townhouse,751429.0479281641
1459.4683362000515,1,2,2016,9987.859514243304,Suburb,Condo,511060.5174995287
2307.967803472132,1,1,2010,6183.587635422859,Rural,Multi-Family,636109.203902255
2296.550628984192,3,1,1950,8128.334251249348,Rural,Single Family,774694.9931439243
1845.226780343005,4,3,1994,7279.788094723626,Coastal,Condo,980169.4855922167
2163.066511121059,2,3,1977,6217.562999786498,Urban,Single Family,1025086.6242007816
1374.4432118073487,1,2,1970,7876.319832078633,Coastal,Townhouse,604037.7295069303
2462.0135096034505,2,2,1962,9705.191606590206,Downtown,Multi-Family,919060.2665076695
1907.5489317785054,4,1,1976,12241.136240861004,Coastal,Single Family,804583.7774473666
1738.6384897404803,4,3,1956,9158.837965797939,Suburb,Townhouse,993806.4161143508
2524.5046129184448,5,2,1971,2978.3299971970973,Urban,Multi-Family,1024643.2150320928
1647.8281547286203,4,2,2023,7923.719829116702,Suburb,Townhouse,702138.1645048909
1295.76935181822,3,2,2002,8099.605581805665,Downtown,Single Family,724255.9325514006
1221.685413238048,1,2,1953,9872.4180191599,Urban,Townhouse,524358.7173339857
2303.00497567282,5,2,1972,8369.620604979478,Rural,Condo,824409.8536441913
1359.7853237518584,3,2,2019,10506.177834604154,Coastal,Multi-Family,858449.4164706377
2877.3970909921823,2,1,1982,8783.341231230543,Suburb,Townhouse,912842.1795569443
959.035296058139,1,3,1977,11117.596138995777,Downtown,Single Family,666361.5929010598
2848.228184145019,4,3,1957,7122.508159903413,Rural,Multi-Family,1057222.7125952546
2105.5087336013094,1,2,1950,8288.686934593388,Coastal,Condo,783465.4202397222
1951.6434440648038,2,3,1986,9653.283070779793,Rural,Multi-Family,716610.1928043768
1727.540456595525,5,3,2012,6855.611859413113,Coastal,Condo,918659.1384678755
2199.5680571760354,5,3,1971,6419.974395837848,Urban,Multi-Family,1080889.194397578
1981.1826487875758,5,2,2019,6741.29580062663,Rural,Townhouse,816074.997687809
2551.650941008261,4,2,1970,6501.568765822155,Rural,Townhouse,847907.3059694503
2057.1138243310197,3,3,1984,9045.123841750654,Rural,Single Family,744582.0344318901
2075.1508807309388,3,3,1954,4330.383940730889,Urban,Condo,897152.1005132509
1818.193893893072,1,2,2009,4888.059947364186,Downtown,Single Family,825444.3226606512
1971.5271881394663,4,1,1995,11725.492984714525,Coastal,Townhouse,901700.5768759084
2153.9008844460295,5,3,1999,6549.806558051645,Rural,Condo,864452.6808006599
1144.9158036716872,5,1,1997,8400.029702343496,Urban,Single Family,722658.6072338789
1325.9072889471436,2,3,1955,5021.707164201744,Downtown,Single Family,710571.0013822815
2371.6320470113574,2,1,2005,8188.248535578552,Coastal,Single Family,837322.6956153569
2085.432719063971,5,1,2008,6561.986664637192,Urban,Single Family,928267.181540712
1908.0083318236605,5,1,1978,4873.821003679172,Coastal,Single Family,983286.8478347445
2009.2169665326967,4,2,2020,10673.840875129426,Rural,Condo,754857.6800724656
2173.7908526808355,3,1,1967,10365.131454121743,Downtown,Single Family,764595.5754259875
1730.1201598453192,2,1,1951,7785.290418571967,Urban,Condo,652717.9303887113
1610.8476372988437,3,1,1957,9998.838065355823,Downtown,Single Family,851232.8263034204
2097.922627548841,4,3,2003,11806.58537545432,Rural,Townhouse,871722.5442146255
1510.813611192484,5,1,1987,9508.151866316179,Downtown,Townhouse,794511.1927999065
2204.126377857236,3,3,1997,8959.359479019926,Downtown,Single Family,971690.3964608499
1148.7081978810797,5,1,1976,8397.89939296662,Suburb,Multi-Family,748398.8364357196
2514.5778186628218,5,1,1969,9298.994729718479,Downtown,Townhouse,967761.364156426
2236.2987412065213,1,2,1961,7272.161213020727,Coastal,Condo,885795.6491898375
2128.0148671569377,3,3,1992,7446.728261677106,Urban,Single Family,934157.5874155153
2491.345491972757,3,1,2010,8901.782750425029,Suburb,Condo,840867.5855526247
2832.7372222312883,5,3,1980,7052.270259680942,Urban,Multi-Family,1227491.5834416845
2507.1850325090654,4,3,2010,7268.400654412995,Urban,Single Family,1171534.5907393428
1079.5628843341774,1,2,2023,8000.373329269947,Rural,Townhouse,458688.4128230876
1360.2115166321491,5,2,2016,10301.215101186139,Rural,Condo,749498.7447886065
1687.5907111521606,2,2,1984,5734.672492880705,Suburb,Townhouse,700022.679733694
2013.0455251054168,2,2,1964,9518.357005410522,Rural,Townhouse,668063.8750224219
2258.8295102345614,1,2,1965,9583.59282560694,Rural,Single Family,699274.3276981858
1637.1280934232673,4,2,1962,9571.624018593619,Rural,Condo,637913.2787087619
2093.383382238539,5,2,1984,6386.507239581022,Urban,Multi-Family,1030592.6518308065
1622.3085338233386,3,2,2008,4614.6367689781255,Suburb,Townhouse,693816.9735693841
1694.241098504026,1,1,1970,9119.400944822844,Urban,Single Family,642068.3765008118
1296.6694515758888,4,3,2003,8375.077568827925,Coastal,Single Family,974269.3764825129
1538.3833769445478,3,2,1979,10008.753269526263,Urban,Multi-Family,889797.8872253879
1324.1576971918332,2,2,1997,6598.926343980923,Coastal,Single Family,760669.1753515208
1512.0633735113336,2,3,1984,9520.236752512723,Downtown,Townhouse,846474.211268132
2526.82089830392,3,1,1987,10108.824224438824,Downtown,Single Family,971702.6883020188
1525.3005555840284,1,3,1980,7809.380557901299,Coastal,Condo,752988.1593652634
3316.1910324186956,2,3,1973,8833.859006529634,Coastal,Condo,1290097.674237596
2246.6589504404446,5,2,1998,8763.93291504819,Urban,Townhouse,969139.3445193827
2092.418061847437,3,3,1981,6357.0609419407,Coastal,Condo,982918.6483866692
1570.8211099093933,3,3,2004,9062.193204569216,Suburb,Multi-Family,937581.175674646
2350.1549397044955,2,2,2007,11244.996681802028,Downtown,Single Family,1003428.8834898503
1712.181086881113,1,2,1952,8044.407869085273,Downtown,Townhouse,708574.2766234321
2061.0049073226805,5,2,2018,5078.150122696685,Coastal,Multi-Family,1118912.569470051
3280.0422691343974,1,2,1959,6625.54693817198,Rural,Single Family,878837.5716955616
1951.9700501376751,4,3,1974,4441.141102296745,Rural,Multi-Family,840565.7710240658
2574.6366631428377,4,3,2017,10580.522258092129,Coastal,Townhouse,1113890.490263106
1648.4117874370563,2,1,2010,9528.210592656189,Suburb,Townhouse,669517.4787246562
1982.5057547515191,2,1,1978,6997.261456664363,Rural,Multi-Family,675748.5047970484
2885.400317817755,2,3,1968,5163.880156062127,Coastal,Single Family,1101304.9995660787
1686.5164711061163,4,1,1992,6333.410083515019,Suburb,Condo,711575.3463380601
2906.2242789984643,1,3,2015,6723.4460686057055,Suburb,Condo,1078911.5075363182
2353.8759677277376,1,1,2023,8218.815198040116,Urban,Multi-Family,851503.3845416164
1718.766612052866,2,2,2010,8151.518686396759,Suburb,Townhouse,670436.718713614
2316.2038695277606,5,1,1992,10682.863950747405,Rural,Single Family,895933.2076474585
2486.277224813365,1,2,1974,6614.490284603915,Rural,Single Family,687884.8073231585
2310.9049811085983,4,2,1969,4983.6242912921425,Coastal,Townhouse,869238.2020854461
1214.8876400547717,3,2,1997,5686.043049715416,Coastal,Condo,725087.136096225
1636.4314120875656,3,2,1973,7953.9502911069985,Suburb,Single Family,847516.1068526974
1876.2406822242476,3,1,1960,6542.6438661084185,Downtown,Multi-Family,878833.7537972387
1962.7832854499768,5,3,2004,7415.982908973949,Urban,Condo,1003898.3300894978
2310.336048775339,2,2,1977,7091.932839361112,Downtown,Multi-Family,898140.4032893785
2088.8505004666267,4,1,2018,9980.476907410366,Suburb,Condo,823794.9688260094
1332.3278206449495,5,2,2012,6826.0686258153555,Suburb,Townhouse,768337.8987425211
2190.0989255029817,4,1,2008,7245.3158461043795,Downtown,Multi-Family,904363.5797326528
2305.2928726419113,4,1,1954,9434.567162317551,Urban,Multi-Family,986731.5204552485
2279.89522396552,2,1,2000,6870.036177935848,Downtown,Townhouse,769027.4366972536
2540.3903627773107,3,3,1970,8846.424748914036,Coastal,Multi-Family,1210672.024123836
2416.961077274452,2,1,1961,8662.970524043518,Rural,Condo,623197.7699769173
2229.5900396142183,5,1,1999,8283.531717922158,Coastal,Single Family,1120160.2642535989
1964.9171442706765,5,3,1953,5731.20723458702,Rural,Single Family,814907.7430128144
1169.5195332420044,5,3,1991,10459.548449043874,Suburb,Townhouse,792463.1823083919
2214.809109566293,2,1,1987,12441.367593166227,Urban,Condo,751100.2731695736
2103.8438435815556,4,3,1974,8017.65627653479,Downtown,Multi-Family,964054.8549395818
2135.7894185976866,4,2,1963,5907.29025325925,Urban,Multi-Family,829445.0278480751
1361.6257120898454,1,2,1981,8058.205416650046,Downtown,Single Family,566945.7886556889
1459.4717297958687,5,3,1960,9979.720281171998,Coastal,Multi-Family,1028188.4868494833
2526.576426666452,4,3,2010,6769.624648568786,Coastal,Single Family,1156827.9080819285
1980.2224230716724,1,1,1967,7742.201631763621,Downtown,Townhouse,703105.4668347958
2340.7503486863125,4,3,1976,8681.308272824283,Urban,Multi-Family,1079306.5370125666
2014.1591880652306,5,1,2004,10406.09570441185,Downtown,Condo,900238.1393606479
2014.8780697478726,3,2,2003,9550.84746617875,Suburb,Multi-Family,858519.0305585482
2469.141902987999,5,3,1970,9633.735939064525,Coastal,Single Family,1254737.8481665065
1741.9776358913132,2,1,1993,7147.462886647149,Suburb,Townhouse,668148.3417701744
2048.0603884704915,4,1,1954,8803.837910347846,Coastal,Single Family,912696.6362529616
1768.8623556474788,4,2,1990,6556.073345749742,Coastal,Multi-Family,992203.409591864
1782.7518862838422,2,3,2008,9691.052199770424,Rural,Single Family,726273.341458187
1845.4139382656804,2,2,2003,10302.439281571227,Suburb,Single Family,699778.688291337
2111.0668858168565,3,1,2023,9106.727137545246,Suburb,Townhouse,820271.8449202286
1760.6256891682613,4,1,1971,7265.178826410369,Rural,Condo,570210.2296357827
2627.8780627867604,4,3,2014,7592.545743916804,Urban,Multi-Family,1189629.5390340246
1552.696348890248,3,1,2013,11613.03242132402,Suburb,Townhouse,691105.7704905209
1906.5641779193204,1,3,2020,7298.579110753008,Downtown,Condo,795579.6156867729
1780.1344708629126,3,2,1953,10099.988334901136,Rural,Single Family,612977.166074534
2723.4889421768667,5,3,2014,8677.783196437043,Suburb,Condo,1196473.9822882807
2098.277388255787,4,3,1964,7331.727103080315,Urban,Single Family,989558.4200988546
2515.9222697343175,2,1,1971,5310.70194506115,Suburb,Single Family,838566.1430299483
1257.219813481514,5,1,1996,8423.200761177013,Coastal,Townhouse,792461.2603336489
2133.5251329346293,4,3,1995,8182.201733212245,Downtown,Single Family,1033544.2684748677
2444.8153978117184,3,1,1963,11613.069342918667,Rural,Townhouse,757968.8181967865
2041.141994637712,5,1,1999,6279.614609155004,Coastal,Condo,920855.0861454097
2532.7401875326755,4,1,1969,12589.53718309557,Urban,Condo,908046.0839132235
1741.3557749498138,1,3,1999,8757.621058993187,Coastal,Single Family,869193.532354321
2704.67372009279,1,1,1982,8755.658442444315,Coastal,Townhouse,909266.2690443652
3149.449061809625,2,3,2008,6813.85573113554,Urban,Single Family,1144650.0498555175
1818.5807197801705,4,1,1992,8629.412615108937,Coastal,Townhouse,863231.0676687752
1777.248739299614,1,2,1961,8946.101856466426,Rural,Townhouse,607327.1066329769
2726.6922385588505,3,1,1989,9874.654583641754,Suburb,Townhouse,877408.2304078245
2789.7860728653563,4,1,1969,6043.355584816114,Coastal,Condo,1126318.3115469746
1738.569986423366,3,3,1987,10813.561711576076,Rural,Townhouse,829761.2362429425
1789.9065914520713,3,3,1952,8722.83104754396,Suburb,Condo,864917.6232697146
1859.1076955697463,1,1,1977,9216.457790614624,Suburb,Townhouse,523524.80337516987
1327.7747444828615,4,2,2005,7558.115476990479,Coastal,Condo,839146.4832242738
1540.674026757901,5,1,1962,6143.714723441899,Rural,Multi-Family,673221.5248256869
1497.929616623966,1,1,2015,8145.449254806575,Coastal,Condo,572879.1330283585
1616.1012174479358,1,2,1986,8374.591099646437,Urban,Condo,625588.3964725784
1982.6575563066094,4,3,1998,5229.143463771019,Suburb,Single Family,909085.491883706
2117.10736626826,4,1,2015,9586.57081033025,Coastal,Townhouse,953194.4819932785
2775.2502464070385,3,3,1985,9993.049267793162,Suburb,Multi-Family,1189314.9987485348
1500.8229796306046,4,3,2003,6540.670752357746,Rural,Single Family,804469.3892732486
2492.161199238292,3,2,1975,5954.829299455817,Downtown,Townhouse,1093832.6483844167
1893.0055778872456,1,2,2021,7394.077246251398,Coastal,Multi-Family,769990.8803299358
1975.2681451737835,2,3,1989,8047.790193972599,Coastal,Multi-Family,963890.8447811643
2337.409746083302,5,1,1992,7471.6579801693315,Suburb,Multi-Family,911888.9795003915
1438.6389892188508,1,3,1971,7878.164334458434,Rural,Townhouse,640687.0352340552
2191.204873092025,4,1,1969,8442.955395351832,Urban,Multi-Family,896328.2337462372
2083.226104106528,5,1,1957,5263.462122548742,Rural,Multi-Family,803138.3412579121
2246.2256320040747,2,2,1978,5493.40874539347,Coastal,Single Family,961196.4467264351
2144.5843219539092,2,1,1989,2555.4445181537103,Urban,Condo,622854.6444547133
3227.650069955447,3,1,1979,9885.090456906943,Rural,Townhouse,866788.0181153743
1681.130007874342,5,3,2004,8030.454041234899,Downtown,Condo,1006641.5694659385
1734.5015224990912,3,2,1965,10095.702262930314,Suburb,Single Family,771474.4207890738
1688.429736787618,1,1,1995,5724.524008377215,Rural,Condo,360126.418945975
1722.2614404198725,5,1,2011,8048.814679066324,Rural,Multi-Family,695683.2170950937
1681.306436346741,1,2,1956,8429.653012233202,Downtown,Multi-Family,739696.149650251
2594.508265553776,3,3,1994,6876.43501033997,Coastal,Townhouse,1116021.8541569265
2710.2521239949274,5,2,2008,4893.144403066414,Suburb,Townhouse,1043775.4813167916
1714.6268531252617,3,2,2005,11491.742672270313,Rural,Townhouse,650173.1918892552
1583.8222134478856,5,1,1997,10798.566682540102,Urban,Single Family,872422.9480447011
2235.707778193202,3,1,1976,7236.13545654927,Rural,Townhouse,679469.1860932913
1723.8884778595143,2,3,2002,9020.455290339214,Suburb,Single Family,830550.0401234952
2316.4659088777553,3,1,2022,7030.418647286214,Rural,Multi-Family,727597.4761425605
2101.46151042565,2,1,1984,6009.192793950505,Downtown,Condo,804185.2792668932
1242.127942501384,3,2,2000,11654.523009914028,Rural,Multi-Family,617116.6482895039
2773.752600665031,5,1,1986,4689.262237188397,Rural,Multi-Family,935531.4746486113
2897.9388365477607,5,3,2006,7428.99260605777,Urban,Multi-Family,1299082.702446185
1693.6056547578069,5,2,1957,8168.647654484468,Downtown,Townhouse,919266.4822769817
1806.1492200320079,4,3,1969,11302.473157374572,Downtown,Townhouse,982396.6946151484
2142.9326953624523,1,2,2002,9793.177308472037,Rural,Townhouse,559069.65014502
2167.2283949935127,5,1,1961,4655.500450865363,Urban,Condo,891854.9313377236
2329.2721363364153,2,2,1998,7994.499517931636,Rural,Townhouse,738406.2718676158
3005.1022693831746,5,2,1966,8042.120396728719,Rural,Single Family,1069909.311018906
1911.5263862529753,4,1,2013,7543.323329401115,Suburb,Multi-Family,835482.5463160424
1600.851377730773,2,1,1991,9239.618215060602,Suburb,Condo,567510.488765314
1310.3403859927364,4,3,1978,5181.7861444880455,Urban,Condo,835492.3662484672
1634.5349800290405,2,3,1968,7182.728174926659,Coastal,Condo,849526.9674444372
1983.4365135631015,3,1,1960,8957.63749642615,Suburb,Condo,653006.1656426055
2897.278931758894,1,1,1999,9359.151370321282,Coastal,Condo,971577.4010206934
1741.1943504819142,1,1,2020,8298.838947018394,Downtown,Single Family,600209.0866121012
2111.893975819449,4,2,2007,7423.215599399402,Suburb,Multi-Family,985241.334873414
1991.788551963624,1,2,1983,7760.117452747055,Suburb,Condo,764804.8862529704
2594.196636724042,4,2,1969,9480.814244754474,Urban,Multi-Family,1012828.6267704177
3263.4662129368107,4,1,1999,8067.80156825092,Coastal,Townhouse,1141794.1610917223
1734.5656135398397,4,3,1959,5916.304909118942,Suburb,Condo,841597.2349468537
1755.280278740889,1,1,1981,5533.004832110193,Suburb,Condo,548272.5221496843
2522.080438534536,4,2,2001,5020.725157127781,Urban,Multi-Family,1126131.6312541992
2340.9457448131557,1,2,1964,10911.161636978708,Urban,Condo,744409.0135016687
2923.3536628680167,4,1,1952,9614.92367122489,Coastal,Condo,1042616.9986857779
2291.964092662982,5,1,1986,7787.024233638906,Downtown,Condo,1001094.0646418785
1820.3539546064703,4,2,1989,7092.415029671833,Downtown,Single Family,887285.4246526959
2295.327415346155,2,2,2021,6852.139984065285,Rural,Single Family,703637.1971962327
2554.3517902914537,4,2,1989,10186.47421516442,Suburb,Condo,978853.4632226003
2410.241090598682,3,1,2005,11808.867016349483,Coastal,Single Family,1011874.5802868346
2253.637015553649,4,2,1972,6789.214152144922,Suburb,Townhouse,892231.4253640395
2533.337344794577,2,2,1960,10276.83104131142,Coastal,Condo,986770.0437058498
2584.6477952228365,2,3,2013,8056.025830717778,Coastal,Townhouse,994678.933494428
2691.0794955187635,1,1,1957,7575.142140179067,Coastal,Multi-Family,860740.2556337182
2324.3549437948213,5,3,2005,11008.428565659846,Suburb,Townhouse,1053408.8175746321
1916.4409598415727,4,3,2009,7979.668558514446,Urban,Multi-Family,1033587.4057604732
2073.356843216661,1,2,1959,8592.728878509271,Suburb,Condo,746609.9120851329
2603.2544832541785,5,1,1988,8496.547865822891,Coastal,Multi-Family,1057832.8336070469
1591.5321645063818,4,2,1977,4748.801266681096,Rural,Multi-Family,755971.4744713109
2184.3366544364508,3,1,1998,8576.822297432123,Downtown,Townhouse,842876.7943961899
1803.3305938363196,4,3,1985,6874.615951119535,Coastal,Townhouse,954578.9638002957
2014.3724114674087,2,1,1962,5157.693719708757,Rural,Townhouse,513153.53329087555
2639.2259313036493,2,2,1985,6965.725839102475,Urban,Condo,902664.9732014586
2095.5495340099515,3,2,1975,6949.222260726108,Coastal,Condo,970834.1793138931
2023.2182740780745,1,2,1953,10059.765078260662,Rural,Townhouse,632018.6017458161
1320.0719295100403,5,1,2013,5872.420767795937,Coastal,Condo,727930.4472706759
2373.1267830136103,4,3,1987,6420.305121901491,Suburb,Condo,892025.7678582582
2322.7420905705376,2,3,1971,8470.776521096024,Rural,Multi-Family,935476.8430640182
3081.62736165273,1,1,1951,5348.412457291504,Suburb,Multi-Family,945260.0651329916
1846.1108825234996,3,2,1980,6681.986483535333,Suburb,Townhouse,795735.9513609568
2109.5751638319693,2,3,1960,4671.046529333556,Rural,Condo,795169.9637763347
2124.691841855378,3,2,1995,9840.022920010791,Downtown,Multi-Family,964834.4379588092
2788.7266398817374,4,1,2011,7397.273759119628,Rural,Single Family,849279.8492410614
1952.352233806524,5,2,2018,7968.164309995515,Downtown,Condo,964867.8805637928
2139.5107628851697,2,3,2013,9832.02063958218,Coastal,Single Family,966875.9719615553
2303.9482548582696,2,3,1959,6555.462232692226,Coastal,Townhouse,944684.571242456
2093.304561578179,4,2,1989,7376.025982703992,Rural,Condo,798021.3977095191
1776.783192724736,1,1,1973,5887.344001388517,Coastal,Townhouse,729881.2969300939
2097.0449964491536,5,2,1993,5882.992558008375,Urban,Townhouse,889437.0480555021
2536.815874929886,2,1,2009,6158.834211988242,Suburb,Townhouse,732217.4619238254
1486.7423502944698,5,2,2011,7015.019218332669,Suburb,Townhouse,791271.0814689068
2066.484837073438,2,3,1966,7230.408931653869,Downtown,Townhouse,865483.7704139738
1649.9395925304134,5,1,2014,8577.26430179676,Coastal,Condo,878098.6781733349
2597.5233144624212,3,1,2006,6217.5661039162005,Downtown,Single Family,933594.9853003446
1238.4065476081128,2,1,2004,8639.265351834953,Suburb,Condo,579522.9491626276
1720.5390763642058,5,3,2002,8970.002583046456,Suburb,Condo,935020.7144497726
2188.60593753226,1,2,2005,7064.355634335468,Coastal,Condo,796314.1241945454
2782.7620146171703,3,3,1958,6390.550855163237,Urban,Multi-Family,1019748.7141049278
1967.124869463506,3,1,1971,8170.15806395998,Urban,Multi-Family,820348.56342636
1722.4002366534007,1,2,1962,7594.16507397911,Coastal,Condo,648134.4671887618
2940.578534720295,5,3,1997,8440.70365854709,Coastal,Single Family,1277171.463390753
1275.993049791878,4,1,1967,11139.732872519933,Downtown,Condo,651510.9354161414
900.5970216899591,1,1,1989,8137.274096855431,Coastal,Townhouse,499284.4190780974
2220.007225026666,5,3,1966,6721.538877439736,Urban,Multi-Family,1038407.426396189
1748.9728878236945,1,3,1964,6218.2207761158825,Coastal,Multi-Family,846021.8510398209
1489.3835914346434,1,3,1964,6295.596737356833,Downtown,Condo,763049.9308963029
2354.1782236496765,2,1,2012,5074.467385777758,Downtown,Condo,834565.4060375708
2121.9003568855996,5,3,1988,9865.487216691157,Downtown,Single Family,1179132.4962338742
1717.9606846316358,4,1,1962,3533.442361288471,Downtown,Single Family,787966.6750199582
1359.8478006645528,2,3,1981,8976.209635438612,Rural,Townhouse,633511.5647550159
2436.2286641400724,1,1,1958,6263.872186649539,Coastal,Condo,852395.6646459452
2325.1005889793305,1,1,1989,6975.189570751764,Suburb,Condo,605263.0178027691
1950.4120681103086,1,2,1969,6204.024716911223,Coastal,Condo,813283.9625418029
2923.318498023833,5,3,2022,10891.729319284063,Rural,Multi-Family,1211439.5823709695
1464.9576168369238,5,3,2012,8032.631203371554,Downtown,Townhouse,894906.6630823613
1237.2374145376307,2,1,1993,9580.757050085704,Rural,Single Family,543783.2254381377
1654.0459650593777,4,1,1987,10601.053717192011,Urban,Multi-Family,915400.2656129147
1977.206991822251,2,1,2009,8326.810948044807,Urban,Multi-Family,806867.7866302157
2121.6697246613458,3,2,2020,5608.752458289575,Coastal,Multi-Family,1014102.9256567232
1879.381971071835,1,2,1997,7558.714499768455,Coastal,Multi-Family,787381.1642567464
2176.0276982571486,1,1,1967,6515.503972867595,Suburb,Townhouse,722943.2559678139
1374.230287904778,1,3,1965,6992.991676225402,Suburb,Condo,585031.4833302269
2721.88230203663,2,3,2004,7810.752414701422,Urban,Single Family,1057317.2626128513
1958.9244108037155,2,2,1988,7731.688715815471,Downtown,Single Family,857798.0811063717
2558.647915794064,1,2,2017,8824.218322040573,Rural,Multi-Family,622738.0241698892
2171.362673188852,2,1,2008,9114.608587560973,Suburb,Multi-Family,805935.7467523628
2228.376609576892,5,3,2011,7731.709647467085,Suburb,Townhouse,1171507.609476638
2284.883640116102,5,1,1962,8806.937836215835,Downtown,Multi-Family,897618.5960907759
2223.8542800086575,2,2,1955,6901.280290129117,Downtown,Single Family,877082.6577517204
2321.361379933772,1,3,2009,10629.559651193007,Coastal,Single Family,900964.3054059884
2664.5762650662155,2,3,1963,6868.977423564707,Rural,Condo,798853.0681908078
2098.260584850735,2,2,2003,10394.372969244856,Downtown,Condo,730435.1390753561
2354.5018787942563,2,1,1953,5047.865816456557,Suburb,Single Family,779416.8211909948
1955.1321528563867,3,1,1988,7239.185485178308,Suburb,Single Family,795702.5981601486
2720.0586077247362,5,3,2021,7338.043652772789,Urban,Townhouse,1183288.8714472658
1661.8038489703652,4,2,1974,8557.983589496947,Downtown,Townhouse,806041.5642686791
2900.470216455408,4,3,1981,9723.633606437646,Coastal,Single Family,1226342.4734934736
1979.9210246778282,3,2,2008,5501.209593880944,Rural,Multi-Family,767903.8872092522
1284.6124489409758,2,1,2012,5784.033915914185,Coastal,Condo,572096.4598608201
2064.0522074553946,3,2,1987,5196.183864567524,Suburb,Single Family,776051.6053881345
1659.4741712625596,3,1,2002,10640.368394396835,Coastal,Multi-Family,828340.3232193979
2420.321774494362,1,2,2016,8595.209885594244,Suburb,Single Family,786404.9938632234
1673.6880103488045,5,3,1977,5831.257583085754,Suburb,Condo,912171.7858478718
1776.9082833926102,4,1,1952,7113.810252087858,Suburb,Condo,781085.5779548072
1055.2296345272343,2,3,1971,10363.52279132299,Suburb,Townhouse,794842.71099735
1773.8468403754616,4,3,1987,7443.761539377524,Suburb,Townhouse,912591.5213789624
788.0603366855216,4,1,2021,7325.623724417655,Urban,Townhouse,608638.7941001696
1208.0485882571384,5,1,2021,6437.406586353883,Coastal,Townhouse,750930.8834184908
2380.207328072149,4,3,2011,5950.015372362474,Urban,Condo,985022.703765165
2392.9000793254163,4,3,2006,10366.647620886313,Urban,Multi-Family,1175216.0662965616
2212.7287808924825,3,3,1955,11347.80317748412,Downtown,Multi-Family,1035968.3820585781
1516.5119284353934,5,3,1981,6029.611194425304,Downtown,Multi-Family,990197.8105894944
1976.1443219290102,1,1,1959,10809.88465843624,Downtown,Single Family,786327.0711843999
1998.1987304547158,2,1,1952,7025.22116741979,Rural,Townhouse,571534.4933337127
1420.8176554037286,4,3,2008,9067.295990737774,Downtown,Townhouse,960321.032918842
2751.6991508835754,2,2,1998,10820.427609628816,Coastal,Condo,1037893.4350274294
2438.6811452878355,1,2,2008,7709.846808592736,Urban,Condo,829855.3716494415
1889.517913085168,2,1,1980,7344.116159465282,Coastal,Single Family,760214.7060609927
2013.4429194972654,1,3,2018,9602.161927576371,Downtown,Single Family,907955.6932898401
2104.1914039737762,3,3,2011,5780.094325927502,Rural,Multi-Family,834386.4550310805
979.1325657878547,4,1,2001,10294.12275568086,Rural,Condo,500867.5697457605
1876.4113087397016,1,2,1990,8285.618784885166,Urban,Townhouse,715619.1023843448
1659.0078760011006,2,2,1980,6844.498983691647,Coastal,Multi-Family,892364.5486678843
1499.1899950525421,4,2,1971,6791.664793368291,Suburb,Townhouse,759307.7643375121
1859.4498535570226,3,1,1953,5233.074976343269,Coastal,Multi-Family,950248.2231049556
2898.843263424761,4,2,1962,6927.655666752021,Downtown,Townhouse,1076829.5820989262
2320.4214306335048,1,1,1994,7471.924476011198,Suburb,Single Family,704115.1704055814
1714.4105051086017,3,1,1991,5877.412936577037,Rural,Multi-Family,643674.8550446682
2286.291390678079,2,3,1998,7909.070047741991,Urban,Townhouse,980497.1811656995
